modelo,prompt_id,id,producto,categoria,reseña,sentimiento,largo_palabras,archivo_origen,n_solicitado,prompt_corto
llama3.2:1b,prompt_1_electronicos,1.0,Samsung Galaxy S22,Dispositivos electrónicos personales,"Este dispositivo es increíble para el trabajo y la vida diaria. La cámara está excelente, el sistema de gestión de contenido es rápido y fácil de usar.",NEGATIVO,27,results2/llama3.2_1b_prompt_1_electronicos_10gen.txt,10,Electrónicos
llama3.2:1b,prompt_1_electronicos,2.0,Apple AirPods Pro,Accesorios de música portátil,Estos accesorios son increíbles para escuchar música en el camino a la cervecería. La calidad del sonido es excelente y la duración de las baterías es impresionante.,NEUTRO,27,results2/llama3.2_1b_prompt_1_electronicos_10gen.txt,10,Electrónicos
llama3.2:1b,prompt_1_electronicos,3.0,Dell XPS 15,Dispositivos electrónicos personales,"Este laptop es increíble para el trabajo y la universidad. La pantalla grande, el procesador rápido y la memoria de almacenamiento amplio son superiores a cualquier otro.",POSITIVO,27,results2/llama3.2_1b_prompt_1_electronicos_10gen.txt,10,Electrónicos
llama3.2:1b,prompt_1_electronicos,4.0,Asus ROG Zenith Plus,Dispositivos electrónicos personales,"Estos juguetes son increíbles para los fans de la gaming. La velocidad del sistema, la precisión de la cámara y la duración de las baterías son superiores a cualquier otro.",POSITIVO,30,results2/llama3.2_1b_prompt_1_electronicos_10gen.txt,10,Electrónicos
llama3.2:1b,prompt_1_electronicos,5.0,Lenovo ThinkPad X1 Carbon,Dispositivos electrónicos personales,"Este portátil es increíble para el trabajo y la aventura. La pantalla grande, el procesador rápido y la memoria de almacenamiento amplio son superiores a cualquier otro.",NEGATIVO,27,results2/llama3.2_1b_prompt_1_electronicos_10gen.txt,10,Electrónicos
llama3.2:1b,prompt_1_electronicos,6.0,Sony WH-1000XM4,Accesorios de música portátil,Estos accesorios son increíbles para escuchar música en el camino a la cervecería. La calidad del sonido es excelente y las baterías duran horas.,POSITIVO,24,results2/llama3.2_1b_prompt_1_electronicos_10gen.txt,10,Electrónicos
llama3.2:1b,prompt_1_electronicos,7.0,HP Omen 16,Dispositivos electrónicos personales,"Este laptop es increíble para el trabajo y la universidad. La pantalla grande, el procesador rápido y la memoria de almacenamiento amplio son superiores a cualquier otro.",NEGATIVO,27,results2/llama3.2_1b_prompt_1_electronicos_10gen.txt,10,Electrónicos
llama3.2:1b,prompt_1_electronicos,8.0,Dell Alienware M15,Dispositivos electrónicos personales,"Estos juguetes son increíbles para los fans de la gaming. La velocidad del sistema, la precisión de la cámara y la duración de las baterías son superiores a cualquier otro.",POSITIVO,30,results2/llama3.2_1b_prompt_1_electronicos_10gen.txt,10,Electrónicos
llama3.2:1b,prompt_1_electronicos,9.0,Microsoft Surface Laptop 3,Dispositivos electrónicos personales,"Este laptop es increíble para el trabajo y la universidad. La pantalla grande, el procesador rápido y la memoria de almacenamiento amplio son superiores a cualquier otro.",NEGATIVO,27,results2/llama3.2_1b_prompt_1_electronicos_10gen.txt,10,Electrónicos
llama3.2:1b,prompt_1_electronicos,10.0,Dell Inspiron 15 5000,Dispositivos electrónicos personales,"Este portátil es increíble para el trabajo y la aventura. La pantalla grande, el procesador rápido y la memoria de almacenamiento amplio son superiores a cualquier otro.",NEGATIVO,27,results2/llama3.2_1b_prompt_1_electronicos_10gen.txt,10,Electrónicos
llama3.2:1b,prompt_2_belleza,1.0,Cremas hidratantes,Belleza facial,Este producto es increíble. Me hace sentir como una mujer young y radiante.,NEGATIVO,13,results2/llama3.2_1b_prompt_2_belleza_10gen.txt,10,Belleza
llama3.2:1b,prompt_2_belleza,2.0,Shampoos clarificantes,Capilar limpio y saludable,Esto es perfecto para mi capilaria. Me hace sentir relajado y con el cabello que quiero.,POSITIVO,16,results2/llama3.2_1b_prompt_2_belleza_10gen.txt,10,Belleza
llama3.2:1b,prompt_2_belleza,3.0,Cuidados capillarios,Capilar cuidado,Este producto me ayuda a mantener mi capilaria saludable y brillante. Me gusta mucho.,POSITIVO,14,results2/llama3.2_1b_prompt_2_belleza_10gen.txt,10,Belleza
llama3.2:1b,prompt_2_belleza,4.0,Cortadores de cabello,Capilar manual,Este cortador es precioso y fácil de usar. Me ayuda a mantener mi capilaria lisa y limpio.,NEGATIVO,17,results2/llama3.2_1b_prompt_2_belleza_10gen.txt,10,Belleza
llama3.2:1b,prompt_2_belleza,5.0,Toner facial,Belleza facial,Este toner es muy efectivo. Me ayuda a neutralizar los manchas y darle una textura suave al rostro.,POSITIVO,18,results2/llama3.2_1b_prompt_2_belleza_10gen.txt,10,Belleza
llama3.2:1b,prompt_2_belleza,6.0,Crema para el acné,Belleza facial,Este producto es muy útil. Me ayuda a controlar el acné y darle una apariencia más suave.,NEGATIVO,17,results2/llama3.2_1b_prompt_2_belleza_10gen.txt,10,Belleza
llama3.2:1b,prompt_2_belleza,7.0,Hairspray,Capilar limpio y saludable,Este spray me ayuda a mantener mi capilaria en su lugar. Me gusta muy.,POSITIVO,14,results2/llama3.2_1b_prompt_2_belleza_10gen.txt,10,Belleza
llama3.2:1b,prompt_2_belleza,8.0,Cuidados para el cabello natural,Capilar cuidado,Este producto me ayuda a mantener mi cabello natural y saludable. Me gusta mucho.,POSITIVO,14,results2/llama3.2_1b_prompt_2_belleza_10gen.txt,10,Belleza
llama3.2:1b,prompt_2_belleza,9.0,Cortadora de cabellos eléctricos,Capilar manual,Este cortador es muy fácil de usar. Me ayuda a mantener mi capilaria lisa y limpio.,NEGATIVO,16,results2/llama3.2_1b_prompt_2_belleza_10gen.txt,10,Belleza
llama3.2:1b,prompt_2_belleza,10.0,Mascaras para el cabello,Capilar cuidado,Esto es muy útil. Me ayuda a proteger mi cabello del daño causado por la luz solar.,POSITIVO,17,results2/llama3.2_1b_prompt_2_belleza_10gen.txt,10,Belleza
phi3:mini,prompt_1_electronicos,1.0,Laptop Razer Blade 15,Tecnología de la Información y Comunicación,"La portabilidad y el rendimiento del laptop razer son impresionantes. El diseño es moderno, aunque un poco pesado.",POSITIVO,18,results2/phi3_mini_prompt_1_electronicos_10gen.txt,10,Electrónicos
phi3:mini,prompt_1_electronicos,2.0,Pantallas Smart TV de Samsung,Tecnología de la Información y Comunicación,"La calidad del sonido es excepcional, aunque el menú es complicado para principiantes.",NEUTRO,13,results2/phi3_mini_prompt_1_electronicos_10gen.txt,10,Electrónicos
phi3:mini,prompt_1_electronicos,3.0,Cargador USB-C de Anker 65W,Tecnología Personal y Mobiliario Digital,Rápido y con un diseño práctico para todos los espacios.,POSITIVO,10,results2/phi3_mini_prompt_1_electronicos_10gen.txt,10,Electrónicos
phi3:mini,prompt_1_electronicos,4.0,Control remoto universal Wii Mini,Tecnología Personal y Mobiliario Digital,"Difícil de utilizar con la mayoría de dispositivos, carece de funcionalidades avanzadas.",NEGATIVO,12,results2/phi3_mini_prompt_1_electronicos_10gen.txt,10,Electrónicos
phi3:mini,prompt_1_electronicos,5.0,Micrófono USB Bose SoundLink Revolve Mini Bluetooth,Tecnología Personal y Mobiliario Digital,"La calidad de sonido es impresionante, pero a veces el micrófono no capta bien.",NEUTRO,14,results2/phi3_mini_prompt_1_electronicos_10gen.txt,10,Electrónicos
phi3:mini,prompt_1_electronicos,6.0,Mando Xbox Wireless 2.0 Bluetooth Gamepad,Tecnología Personal y Mobiliario Digital,"Confiable y preciso en juegos, aunque un poco pequeño para manos grandes.",NEUTRO,12,results2/phi3_mini_prompt_1_electronicos_10gen.txt,10,Electrónicos
phi3:mini,prompt_1_electronicos,7.0,Cámara GoPro Hero 10 Black,Tecnología de la Información y Comunicación,"Sorprendente rendimiento en condiciones extremas, aunque el tamaño es un poco grande.",POSITIVO,12,results2/phi3_mini_prompt_1_electronicos_10gen.txt,10,Electrónicos
phi3:mini,prompt_1_electronicos,8.0,Carátula de teléfono celular Bose SoundLink Revolve 2.5,Tecnología Personal y Mobiliario Digital,"Mejora el diseño del modelo anterior, pero las opciones de personalización son limitadas.",NEUTRO,13,results2/phi3_mini_prompt_1_electronicos_10gen.txt,10,Electrónicos
phi3:mini,prompt_1_electronicos,9.0,Control remoto universales Logitech C525i Wireless 2.4GHz Bluetooth Remote Control with USB Receiver ,Tecnología Personal y Mobiliario Digital,"La compatibilidad es excepcional, pero la duración de la batería podría mejorarse.",NEUTRO,12,results2/phi3_mini_prompt_1_electronicos_10gen.txt,10,Electrónicos
phi3:mini,prompt_1_electronicos,,,Tecnología Personal y Mobiliario Digital,"Confortable en manos, pero carece de una función útil adicional.",NEUTRO,10,results2/phi3_mini_prompt_1_electronicos_10gen.txt,10,Electrónicos
mistral:latest,prompt_1_electronicos,1.0,Apple MacBook Air,ordenador portátil,Excelente rendimiento y diseño elegante.,POSITIVO,5,results2/mistral_latest_prompt_1_electronicos_10gen.txt,10,Electrónicos
mistral:latest,prompt_1_electronicos,2.0,Logitech MX Keys,teclado,Teclado de alta calidad con comandos rápidos integrados.,POSITIVO,8,results2/mistral_latest_prompt_1_electronicos_10gen.txt,10,Electrónicos
mistral:latest,prompt_1_electronicos,3.0,Samsung Galaxy Tab S7,tableta,Tabla táctil con excelente calidad de imagen.,POSITIVO,7,results2/mistral_latest_prompt_1_electronicos_10gen.txt,10,Electrónicos
mistral:latest,prompt_1_electronicos,4.0,JBL Flip 5,altavoz portátil,Altavoz potente con buena calidad de sonido.,POSITIVO,7,results2/mistral_latest_prompt_1_electronicos_10gen.txt,10,Electrónicos
mistral:latest,prompt_1_electronicos,5.0,Anker PowerCore II 20000,batería externa,Batería potente y rápida para cargar dispositivos móviles.,POSITIVO,8,results2/mistral_latest_prompt_1_electronicos_10gen.txt,10,Electrónicos
mistral:latest,prompt_1_electronicos,6.0,Microsoft Surface Pro 7,ordenador táctil,Ordenador potente y versátil para uso en el trabajo.,POSITIVO,9,results2/mistral_latest_prompt_1_electronicos_10gen.txt,10,Electrónicos
mistral:latest,prompt_1_electronicos,7.0,Apple Magic Trackpad,trackpad,Trackpad de alta precisión y comodidad para el uso en ordenadores Mac.,POSITIVO,12,results2/mistral_latest_prompt_1_electronicos_10gen.txt,10,Electrónicos
mistral:latest,prompt_1_electronicos,8.0,Gelaskin Protectoras,protectores de pantalla,Protectoras de alta calidad para proteger pantallas de tabletas y ordenadores portátiles.,POSITIVO,12,results2/mistral_latest_prompt_1_electronicos_10gen.txt,10,Electrónicos
mistral:latest,prompt_1_electronicos,9.0,HyperX Cloud Alpha,auriculares,Auriculares confortables con buena calidad de audio.,POSITIVO,7,results2/mistral_latest_prompt_1_electronicos_10gen.txt,10,Electrónicos
mistral:latest,prompt_1_electronicos,10.0,Lenovo ThinkPad X1 Carbon,ordenador portátil empresarial,Ordenador de alta calidad y durabilidad ideal para uso empresarial.,POSITIVO,10,results2/mistral_latest_prompt_1_electronicos_10gen.txt,10,Electrónicos
mistral:latest,prompt_2_belleza,1.0,Crema facial La Roche-Posay Toleriane,Belleza - Cuidado Facial,Excelente crema facial para la piel sensible. Evita irritación y mantiene húmeda.,POSITIVO,12,results2/mistral_latest_prompt_2_belleza_10gen.txt,10,Belleza
mistral:latest,prompt_2_belleza,2.0,Shampoo Pantene Pro-V Reparativo,Cuidado Capilar,Mejora la textura y rizos de pelo seco y a veces liso. Recomendado.,POSITIVO,13,results2/mistral_latest_prompt_2_belleza_10gen.txt,10,Belleza
mistral:latest,prompt_2_belleza,3.0,Crema facial Bioré Deep Cleansing,Belleza - Cuidado Facial,Mejora la limpieza de piel oleosa pero puede secar un poco.,NEUTRO,11,results2/mistral_latest_prompt_2_belleza_10gen.txt,10,Belleza
mistral:latest,prompt_2_belleza,4.0,Mascara Maybelline Lash Sensational,Belleza - Maquillaje,Dentro de las mejores mascaras en el mercado. Mejora la densidad y la longitud del pelo.,POSITIVO,16,results2/mistral_latest_prompt_2_belleza_10gen.txt,10,Belleza
mistral:latest,prompt_2_belleza,5.0,Bálsamo Dentifrice Colgate Sensitive,Cuidado Oral,Sensible para mucosas sensibles y mejora la salud del diente.,POSITIVO,10,results2/mistral_latest_prompt_2_belleza_10gen.txt,10,Belleza
mistral:latest,prompt_2_belleza,6.0,Cremas faciales Neutrogena Ultra Gentle,Belleza - Cuidado Facial,Difícil de encontrar una crema facial más suave y efectiva.,POSITIVO,10,results2/mistral_latest_prompt_2_belleza_10gen.txt,10,Belleza
mistral:latest,prompt_2_belleza,7.0,Gel para rizos Cantu Leave-In,Cuidado Capilar,Ayuda a mantener el pelo de rizos con forma y fácil de aplicar.,POSITIVO,13,results2/mistral_latest_prompt_2_belleza_10gen.txt,10,Belleza
mistral:latest,prompt_2_belleza,8.0,Mascara L'Oréal Paris False Lash Superstar,Belleza - Maquillaje,Casi indistinguible del mascarilla real. Es una buena opción.,POSITIVO,9,results2/mistral_latest_prompt_2_belleza_10gen.txt,10,Belleza
mistral:latest,prompt_2_belleza,9.0,Gel de afeitado Venus Pure Platinum,Cuidado Personal,Muy suave y no irrita la piel. Mejora la tasa de afeitado.,POSITIVO,12,results2/mistral_latest_prompt_2_belleza_10gen.txt,10,Belleza
mistral:latest,prompt_2_belleza,10.0,Saboneta facial Dove Nutri-Moisture,Belleza - Cuidado Facial,Excelente sabor y mejora la humedad de piel seca.,POSITIVO,9,results2/mistral_latest_prompt_2_belleza_10gen.txt,10,Belleza
mistral:latest,prompt_3_hogar,1.0,Cast iron skillet,Cocina,"Durable y versátil, perfecto para cocinar a fuego vivo.",POSITIVO,9,results2/mistral_latest_prompt_3_hogar_10gen.txt,10,Cocina
mistral:latest,prompt_3_hogar,2.0,Knife set,Cocina,"Cuchillos de excelente calidad, cortan muy bien.",POSITIVO,7,results2/mistral_latest_prompt_3_hogar_10gen.txt,10,Cocina
mistral:latest,prompt_3_hogar,3.0,Silicone spatula,Cocina,"Espátula flexible y resistente, fácil de limpiar.",POSITIVO,7,results2/mistral_latest_prompt_3_hogar_10gen.txt,10,Cocina
mistral:latest,prompt_3_hogar,4.0,Non-stick pan,Cocina,La superficie antiadherente funciona muy bien.,POSITIVO,6,results2/mistral_latest_prompt_3_hogar_10gen.txt,10,Cocina
mistral:latest,prompt_3_hogar,5.0,Microplane zester,Cocina,Instrumento preciso y cómodo para raspar en salsas.,POSITIVO,8,results2/mistral_latest_prompt_3_hogar_10gen.txt,10,Cocina
mistral:latest,prompt_3_hogar,6.0,Blender,Cocina,Buen rendimiento en la mezcla de ingredientes.,NEUTRO,7,results2/mistral_latest_prompt_3_hogar_10gen.txt,10,Cocina
mistral:latest,prompt_3_hogar,7.0,Ceramic coffee mug,Cocina,Mucho más tierno al tocar que una taza de porcelana.,POSITIVO,10,results2/mistral_latest_prompt_3_hogar_10gen.txt,10,Cocina
mistral:latest,prompt_3_hogar,8.0,Electric kettle,Cocina,Para preparar café rápido y eficientemente.,POSITIVO,6,results2/mistral_latest_prompt_3_hogar_10gen.txt,10,Cocina
mistral:latest,prompt_3_hogar,9.0,Glass measuring cups,Cocina,Cucharas de medida precisas y resistentes.,POSITIVO,6,results2/mistral_latest_prompt_3_hogar_10gen.txt,10,Cocina
mistral:latest,prompt_3_hogar,10.0,Garlic press,Cocina,Extractor de ajo funciona bien pero es un utensilio extra.,NEUTRO,10,results2/mistral_latest_prompt_3_hogar_10gen.txt,10,Cocina
llama3.2:1b,prompt_1_electronicos,1.0,Samsung Galaxy S23 Ultra,Teléfonos inteligentes,Es una excelente opción para aquellos que buscan un dispositivo con características avanzadas y una pantalla de alta definición. El diseño es elegante y el procesador es muy rápido.,NEGATIVO,29,results2/llama3.2_1b_prompt_1_electronicos_20gen.txt,20,Electrónicos
llama3.2:1b,prompt_1_electronicos,2.0,Dell XPS 13,Lapicillos portátiles,"Es uno de los mejores modelos del año, con una pantalla de alta definición y un procesador rápido. El diseño es elegante y el peso es relativamente ligero.",NEGATIVO,28,results2/llama3.2_1b_prompt_1_electronicos_20gen.txt,20,Electrónicos
llama3.2:1b,prompt_1_electronicos,3.0,Apple MacBook Air,Lapicillos portátiles,Es una excelente opción para aquellos que buscan un dispositivo con características avanzadas y una pantalla de alta definición. El diseño es elegante y el procesador es muy rápido.,NEGATIVO,29,results2/llama3.2_1b_prompt_1_electronicos_20gen.txt,20,Electrónicos
llama3.2:1b,prompt_1_electronicos,4.0,Asus ROG Zephyrus G14,Lapicillos portátiles,"Es uno de los mejores modelos del año, con una pantalla de alta definición y un procesador rápido. El diseño es elegante y el peso es relativamente ligero.",NEGATIVO,28,results2/llama3.2_1b_prompt_1_electronicos_20gen.txt,20,Electrónicos
llama3.2:1b,prompt_1_electronicos,5.0,Lenovo ThinkPad X1 Carbon,Lapicillos portátiles,Es una excelente opción para aquellos que buscan un dispositivo con características avanzadas y una pantalla de alta definición. El diseño es elegante y el procesador es muy rápido.,NEGATIVO,29,results2/llama3.2_1b_prompt_1_electronicos_20gen.txt,20,Electrónicos
llama3.2:1b,prompt_1_electronicos,6.0,HP Envy x360,Lapicillos portátiles,Es una excelente opción para aquellos que buscan un dispositivo con características avanzadas y una pantalla de alta definición. El diseño es elegante y el procesador es muy rápido.,NEGATIVO,29,results2/llama3.2_1b_prompt_1_electronicos_20gen.txt,20,Electrónicos
llama3.2:1b,prompt_1_electronicos,7.0,Microsoft Surface Laptop 4,Lapicillos portátiles,Es una excelente opción para aquellos que buscan un dispositivo con características avanzadas y una pantalla de alta definición. El diseño es elegante y el procesador es muy rápido.,NEGATIVO,29,results2/llama3.2_1b_prompt_1_electronicos_20gen.txt,20,Electrónicos
llama3.2:1b,prompt_1_electronicos,8.0,Apple iMac Pro,Tosines,Es una excelente opción para aquellos que buscan un dispositivo con características avanzadas y una pantalla de alta definición. El diseño es elegante y el procesador es muy rápido.,NEGATIVO,29,results2/llama3.2_1b_prompt_1_electronicos_20gen.txt,20,Electrónicos
llama3.2:1b,prompt_1_electronicos,9.0,Dell Inspiron 15 5000,Lapicillos portátiles,Es una excelente opción para aquellos que buscan un dispositivo con características básicas y una pantalla de alta definición. El diseño es económico y el procesador es muy rápido.,NEGATIVO,29,results2/llama3.2_1b_prompt_1_electronicos_20gen.txt,20,Electrónicos
llama3.2:1b,prompt_1_electronicos,10.0,Lenovo Yoga C940,Tosines,Es una excelente opción para aquellos que buscan un dispositivo con características básicas y una pantalla de alta definición. El diseño es elegante y el procesador es muy rápido.,NEGATIVO,29,results2/llama3.2_1b_prompt_1_electronicos_20gen.txt,20,Electrónicos
llama3.2:1b,prompt_1_electronicos,11.0,HP Pavilion Gaming Desktop,Tosines,Es una excelente opción para aquellos que buscan un dispositivo con características avanzadas y una pantalla de alta definición. El diseño es elegante y el procesador es muy rápido.,NEGATIVO,29,results2/llama3.2_1b_prompt_1_electronicos_20gen.txt,20,Electrónicos
llama3.2:1b,prompt_1_electronicos,12.0,Asus TUF Gaming B550-PLUS,Tosines,Es una excelente opción para aquellos que buscan un dispositivo con características avanzadas y una pantalla de alta definición. El diseño es elegante y el procesador es muy rápido.,NEGATIVO,29,results2/llama3.2_1b_prompt_1_electronicos_20gen.txt,20,Electrónicos
llama3.2:1b,prompt_1_electronicos,13.0,Razer Blade 15,Tosines,Es una excelente opción para aquellos que buscan un dispositivo con características avanzadas y una pantalla de alta definición. El diseño es elegante y el procesador es muy rápido.,NEGATIVO,29,results2/llama3.2_1b_prompt_1_electronicos_20gen.txt,20,Electrónicos
llama3.2:1b,prompt_1_electronicos,14.0,MSI GS65 Stealth,Lapicillos portátiles,Es una excelente opción para aquellos que buscan un dispositivo con características básicas y una pantalla de alta definición. El diseño es económico y el procesador es muy rápido.,NEGATIVO,29,results2/llama3.2_1b_prompt_1_electronicos_20gen.txt,20,Electrónicos
llama3.2:1b,prompt_1_electronicos,15.0,Acer Predator Helios 300,Tosines,Es una excelente opción para aquellos que buscan un dispositivo con características avanzadas y una pantalla de alta definición. El diseño es elegante y el procesador es muy rápido.,NEGATIVO,29,results2/llama3.2_1b_prompt_1_electronicos_20gen.txt,20,Electrónicos
llama3.2:1b,prompt_1_electronicos,16.0,Lenovo IdeaPad L340,Lapicillos portátiles,Es una excelente opción para aquellos que buscan un dispositivo con características básicas y una pantalla de alta definición. El diseño es económico y el procesador es muy rápido.,NEGATIVO,29,results2/llama3.2_1b_prompt_1_electronicos_20gen.txt,20,Electrónicos
llama3.2:1b,prompt_1_electronicos,17.0,HP Pavilion Gaming Desktop,Tosines,Es una excelente opción para aquellos que buscan un dispositivo con características avanzadas y una pantalla de alta definición. El diseño es elegante y el procesador es muy rápido.,NEGATIVO,29,results2/llama3.2_1b_prompt_1_electronicos_20gen.txt,20,Electrónicos
llama3.2:1b,prompt_1_electronicos,18.0,Asus TUF Gaming B550-PLUS,Tosines,Es una excelente opción para aquellos que buscan un dispositivo con características avanzadas y una pantalla de alta definición. El diseño es elegante y el procesador es muy rápido.,NEGATIVO,29,results2/llama3.2_1b_prompt_1_electronicos_20gen.txt,20,Electrónicos
llama3.2:1b,prompt_1_electronicos,19.0,Razer Blade 15,Tosines,Es una excelente opción para aquellos que buscan un dispositivo con características avanzadas y una pantalla de alta definición. El diseño es elegante y el procesador es muy rápido.,NEGATIVO,29,results2/llama3.2_1b_prompt_1_electronicos_20gen.txt,20,Electrónicos
llama3.2:1b,prompt_1_electronicos,20.0,MSI GS65 Stealth,Lapicillos portátiles,Es una excelente opción para aquellos que buscan un dispositivo con características básicas y una pantalla de alta definición. El diseño es económico y el procesador es muy rápido.,NEGATIVO,29,results2/llama3.2_1b_prompt_1_electronicos_20gen.txt,20,Electrónicos
llama3.2:1b,prompt_2_belleza,1.0,Lacrima para ojos alergicos,Cuidado capilar,"Excelente producto, hace que mis ojos se sientan suaves y brillantes después de un día largo. La aplicación no me irritó ni me causo daño.",NEGATIVO,25,results2/llama3.2_1b_prompt_2_belleza_20gen.txt,20,Belleza
llama3.2:1b,prompt_2_belleza,2.0,Shampoo para cabello saludable,Cuidado facial,"Me encanta este shampoo, no me molesta ni me da problemas de cabello. Es muy suave y rico en nutrientes.",NEGATIVO,20,results2/llama3.2_1b_prompt_2_belleza_20gen.txt,20,Belleza
llama3.2:1b,prompt_2_belleza,3.0,Creme hidratante para la piel,Cuidado capilar,"Me ha ayudado mucho a mantener mi piel hidratada y suave, sin que se enveice ni se seque.",POSITIVO,18,results2/llama3.2_1b_prompt_2_belleza_20gen.txt,20,Belleza
llama3.2:1b,prompt_2_belleza,4.0,Lacrima para ojos secos,Cuidado capilar,"Me ha ayudado a tratar la fatiga en los ojos, siempre que mi piel esté seca.",NEGATIVO,16,results2/llama3.2_1b_prompt_2_belleza_20gen.txt,20,Belleza
llama3.2:1b,prompt_2_belleza,5.0,Shampoo para cabello con elanol,Cuidado facial,"Me gusta que es libre de alcohol, hace que mi piel se sienta relajada y no esté irritada.",NEUTRO,18,results2/llama3.2_1b_prompt_2_belleza_20gen.txt,20,Belleza
llama3.2:1b,prompt_2_belleza,6.0,Creme crema para el cabello,Cuidado capilar,"Me ha ayudado a mantener mi pelo saludable y brillante, sin que se caiga o se pierda.",NEGATIVO,17,results2/llama3.2_1b_prompt_2_belleza_20gen.txt,20,Belleza
llama3.2:1b,prompt_2_belleza,7.0,Lacrima para la cara alerjica,Cuidado facial,Me ha ayudado a reducir la inflamación y el dolor en mi cara después de una reacción alérgica.,NEUTRO,18,results2/llama3.2_1b_prompt_2_belleza_20gen.txt,20,Belleza
llama3.2:1b,prompt_2_belleza,8.0,Shampoo para cabello con protección,Cuidado capilar,"Me gusta que es rico en antioxidantes y tiene un sabor suave, no me molesta ni me causa problemas.",NEGATIVO,19,results2/llama3.2_1b_prompt_2_belleza_20gen.txt,20,Belleza
llama3.2:1b,prompt_2_belleza,9.0,Creme hidratante para la piel,Cuidado capilar,"Me ha ayudado a mantener mi piel hidratada y suave, sin que se enveice ni se seque.",NEUTRO,17,results2/llama3.2_1b_prompt_2_belleza_20gen.txt,20,Belleza
llama3.2:1b,prompt_2_belleza,10.0,Lacrima para ojos alergicos,Cuidado capilar,Me ha ayudado a reducir la inflamación y el dolor en mis ojos después de una reacción alérgica.,NEUTRO,18,results2/llama3.2_1b_prompt_2_belleza_20gen.txt,20,Belleza
llama3.2:1b,prompt_2_belleza,11.0,Shampoo para cabello con ingredientes naturales,Cuidado capilar,Me gusta que es natural y no me causa problemas de salud. Me hace sentir relajada y en paz.,NEGATIVO,19,results2/llama3.2_1b_prompt_2_belleza_20gen.txt,20,Belleza
llama3.2:1b,prompt_2_belleza,12.0,Creme hidratante para la piel,Cuidado capilar,"Me ha ayudado a mantener mi piel hidratada y suave, sin que se enveice ni se seque.",NEUTRO,17,results2/llama3.2_1b_prompt_2_belleza_20gen.txt,20,Belleza
llama3.2:1b,prompt_2_belleza,13.0,Lacrima para ojos alergicos,Cuidado capilar,Me ha ayudado a reducir la inflamación y el dolor en mis ojos después de una reacción alérgica.,NEUTRO,18,results2/llama3.2_1b_prompt_2_belleza_20gen.txt,20,Belleza
llama3.2:1b,prompt_2_belleza,14.0,Shampoo para cabello con elanol,Cuidado capilar,"Me gusta que es libre de alcohol, hace que mi piel se sienta relajada y no esté irritada.",NEUTRO,18,results2/llama3.2_1b_prompt_2_belleza_20gen.txt,20,Belleza
llama3.2:1b,prompt_2_belleza,15.0,Creme hidratante para la piel,Cuidado capilar,"Me ha ayudado a mantener mi piel hidratada y suave, sin que se enveice ni se seque.",NEUTRO,17,results2/llama3.2_1b_prompt_2_belleza_20gen.txt,20,Belleza
llama3.2:1b,prompt_2_belleza,16.0,Lacrima para ojos alergicos,Cuidado capilar,Me ha ayudado a reducir la inflamación y el dolor en mis ojos después de una reacción alérgica.,NEUTRO,18,results2/llama3.2_1b_prompt_2_belleza_20gen.txt,20,Belleza
llama3.2:1b,prompt_2_belleza,17.0,Shampoo para cabello con ingredientes naturales,Cuidado capilar,Me gusta que es natural y no me causa problemas de salud. Me hace sentir relajada y en paz.,NEGATIVO,19,results2/llama3.2_1b_prompt_2_belleza_20gen.txt,20,Belleza
llama3.2:1b,prompt_2_belleza,18.0,Creme hidratante para la piel,Cuidado capilar,"Me ha ayudado a mantener mi piel hidratada y suave, sin que se enveice ni se seque.",NEUTRO,17,results2/llama3.2_1b_prompt_2_belleza_20gen.txt,20,Belleza
llama3.2:1b,prompt_2_belleza,19.0,Lacrima para ojos alergicos,Cuidado capilar,Me ha ayudado a reducir la inflamación y el dolor en mis ojos después de una reacción alérgica.,NEUTRO,18,results2/llama3.2_1b_prompt_2_belleza_20gen.txt,20,Belleza
llama3.2:1b,prompt_2_belleza,20.0,Shampoo para cabello con ingredientes naturales,Cuidado capilar,Me gusta que es natural y no me causa problemas de salud. Me hace sentir relajada y en paz.,NEGATIVO,19,results2/llama3.2_1b_prompt_2_belleza_20gen.txt,20,Belleza
phi3:mini,prompt_1_electronicos,1.0,iPhone 13,teléfonos móviles,Excelente cámara de alta calidad y durabilidad.,POSITIVO,7,results2/phi3_mini_prompt_1_electronicos_20gen.txt,20,Electrónicos
phi3:mini,prompt_1_electronicos,2.0,Samsung Galaxy S21,teléfonos móviles,"Rápido, inteligente con la ultimoprotección.",NEUTRO,5,results2/phi3_mini_prompt_1_electronicos_20gen.txt,20,Electrónicos
phi3:mini,prompt_1_electronicos,3.0,Headphones Bose QuietComfort 45,audífonos y auriculares,Excelentes sonidos en todo rango de frecuencia; muy cómoda.,POSITIVO,9,results2/phi3_mini_prompt_1_electronicos_20gen.txt,20,Electrónicos
phi3:mini,prompt_1_electronicos,4.0,HP Pavilion Laptop 15,computadoras portátiles,"Buena resolución y durabilidad, pero se calienta rápidamente.",NEUTRO,8,results2/phi3_mini_prompt_1_electronicos_20gen.txt,20,Electrónicos
phi3:mini,prompt_1_electronicos,5.0,Logitech G Pro Orbit Mouse Wired,periféricos de entrada,Excelente precisión para el juego en línea y RGB brillante.,POSITIVO,10,results2/phi3_mini_prompt_1_electronicos_20gen.txt,20,Electrónicos
phi3:mini,prompt_1_electronicos,6.0,Microsoft Surface Pro 7,computadoras portátiles convertibles,Peso pesado con gran pantalla para escritura a la vista pero mal calibración de color.,NEUTRO,15,results2/phi3_mini_prompt_1_electronicos_20gen.txt,20,Electrónicos
phi3:mini,prompt_1_electronicos,7.0,Fitbit Charge 4,monitores vitales,Confiabilidad y diseño discreto en un módulo pequeño. Sin datos GPS.,POSITIVO,11,results2/phi3_mini_prompt_1_electronicos_20gen.txt,20,Electrónicos
phi3:mini,prompt_1_electronicos,8.0,Anker PowerCore II 20100mAh,baterías externas,Batería duradera y portátil para viajes largos sin conexión.,POSITIVO,9,results2/phi3_mini_prompt_1_electronicos_20gen.txt,20,Electrónicos
phi3:mini,prompt_1_electronicos,9.0,Belkin F5T7324-D Thunderbolt 3 USB Hub,conectores de enrutamiento,No funciona correctamente con todos los dispositivos.,NEUTRO,7,results2/phi3_mini_prompt_1_electronicos_20gen.txt,20,Electrónicos
phi3:mini,prompt_1_electronicos,10.0,Razer Kishi Grip Continuous Force Wireless Keyboard,escáneres de mano y teclados,Llave pequeña con altas prestaciones.,POSITIVO,5,results2/phi3_mini_prompt_1_electronicos_20gen.txt,20,Electrónicos
phi3:mini,prompt_1_electronicos,11.0,Anker PowerCore 26800mAh Fast Charger,baterías externas,Excelente para reacondicionar y recargar rápid00mAHFASTChargetranscursoenconexiónParaun dispositivo que ya tiene batería.,POSITIVO,11,results2/phi3_mini_prompt_1_electronicos_20gen.txt,20,Electrónicos
phi3:mini,prompt_1_electronicos,12.0,Sony WH-1000XM4 Earbuds,auriculares,Mejora en la comodidad y el aislamiento acústico.,POSITIVO,8,results2/phi3_mini_prompt_1_electronicos_20gen.txt,20,Electrónicos
phi3:mini,prompt_1_electronicos,13.0,Samsung Galaxy Budz 2 Pro,teléfonos móviles,Diseño innovador con altas prestaciones en audio para el batería y durabilidad.,POSITIVO,12,results2/phi3_mini_prompt_1_electronicos_20gen.txt,20,Electrónicos
phi3:mini,prompt_1_electronicos,,Logitech G Prodigy ErgoKnuckle Touch Mouse,periféricos de entrada,Una excelente opción para el escritorio y la computadora portátil.,POSITIVO,10,results2/phi3_mini_prompt_1_electronicos_20gen.txt,20,Electrónicos
phi3:mini,prompt_1_electronicos,15.0,Samsung Galaxy Tab S7 Fan Edition,tablets Android,Excelentes especificaciones con una pantalla impresionante para visualizar contenido HD.,POSITIVO,10,results2/phi3_mini_prompt_1_electronicos_20gen.txt,20,Electrónicos
phi3:mini,prompt_1_electronicos,16.0,Microsoft Surface Pro 8 Lite,computadoras portátiles,Batería prolongada y un puente con bajo rendimiento en el procesamiento. Soporte de Windows 11.,,15,results2/phi3_mini_prompt_1_electronicos_20gen.txt,20,Electrónicos
phi3:mini,prompt_1_electronicos,17.0,JBL Flex,altavoces portátiles,Sonidos claros y potentes con un diseño compacto para cualquier ocasión social. Aislamiento acústico.,,14,results2/phi3_mini_prompt_1_electronicos_20gen.txt,20,Electrónicos
phi3:mini,prompt_1_electronicos,18.0,Beats by Dre True Wireless Earphones,auriculares,Pocas opciones de colores y el sonido puede ser duramente distorsionado a volúmenes altos.,,14,results2/phi3_mini_prompt_1_electronicos_20gen.txt,20,Electrónicos
phi3:mini,prompt_1_electronicos,19.0,Amazon Echo Dot 3rd Generation,servicios inteligentes,Confiable y útil para la voz interactiva en todo hogar moderno.,,11,results2/phi3_mini_prompt_1_electronicos_20gen.txt,20,Electrónicos
phi3:mini,prompt_1_electronicos,20.0,Logitech G500 Mouse Wired,periféricos de entrada,La mejor opción para el juego y la computación en general con un diseño atractivo.,,15,results2/phi3_mini_prompt_1_electronicos_20gen.txt,20,Electrónicos
mistral:latest,prompt_1_electronicos,1.0,iPhone 13 Pro,Smartphone,"Excelente calidad de pantalla y cámara, rápido procesador.",POSITIVO,8,results2/mistral_latest_prompt_1_electronicos_20gen.txt,20,Electrónicos
mistral:latest,prompt_1_electronicos,2.0,MacBook Air M1,Computadora portátil,Velocidad extraordinaria y batería duradera.,POSITIVO,5,results2/mistral_latest_prompt_1_electronicos_20gen.txt,20,Electrónicos
mistral:latest,prompt_1_electronicos,3.0,Samsung Galaxy S21 Ultra,Smartphone,Cámara sofisticada y diseño atractivo.,POSITIVO,5,results2/mistral_latest_prompt_1_electronicos_20gen.txt,20,Electrónicos
mistral:latest,prompt_1_electronicos,4.0,Logitech MX Keys Mini,Teclado,Compacto y cómodo para el uso diario.,POSITIVO,7,results2/mistral_latest_prompt_1_electronicos_20gen.txt,20,Electrónicos
mistral:latest,prompt_1_electronicos,5.0,Apple Magic Mouse,Mouse,Interfaz intuitiva y conexión fácil.,POSITIVO,5,results2/mistral_latest_prompt_1_electronicos_20gen.txt,20,Electrónicos
mistral:latest,prompt_1_electronicos,6.0,Dell XPS 13,Computadora portátil,Pantalla excepcional y diseño elegante.,POSITIVO,5,results2/mistral_latest_prompt_1_electronicos_20gen.txt,20,Electrónicos
mistral:latest,prompt_1_electronicos,7.0,Microsoft Surface Pro 7,Tablet,Velocidad y funcionalidad para la oficina.,POSITIVO,6,results2/mistral_latest_prompt_1_electronicos_20gen.txt,20,Electrónicos
mistral:latest,prompt_1_electronicos,8.0,HP Omen 15,Gaming laptop,Excelente para juegos de alta resolución.,POSITIVO,6,results2/mistral_latest_prompt_1_electronicos_20gen.txt,20,Electrónicos
mistral:latest,prompt_1_electronicos,9.0,Sony WH-1000XM4,Auriculares,Cancela ruido eficaz y sonido potente.,POSITIVO,6,results2/mistral_latest_prompt_1_electronicos_20gen.txt,20,Electrónicos
mistral:latest,prompt_1_electronicos,10.0,Bose QuietComfort Earbuds,Auriculares inalámbricos,Para trabajar o estudiar en cualquier sitio.,POSITIVO,7,results2/mistral_latest_prompt_1_electronicos_20gen.txt,20,Electrónicos
mistral:latest,prompt_1_electronicos,11.0,Google Pixel Buds Pro,Auriculares inalámbricos,Sonido de alta calidad y cancelación de ruido.,POSITIVO,8,results2/mistral_latest_prompt_1_electronicos_20gen.txt,20,Electrónicos
mistral:latest,prompt_1_electronicos,12.0,Anker PowerCore 20100,Cargador móvil,Capacidad suficiente para la mayoría de los dispositivos.,POSITIVO,8,results2/mistral_latest_prompt_1_electronicos_20gen.txt,20,Electrónicos
mistral:latest,prompt_1_electronicos,13.0,Samsung T7 Portable SSD,Disco duro portátil,Velocidad alta y tamaño compacto.,POSITIVO,5,results2/mistral_latest_prompt_1_electronicos_20gen.txt,20,Electrónicos
mistral:latest,prompt_1_electronicos,14.0,Logitech MX Master 3,Mouse,Ergo-diseño cómodo y precisión alta.,POSITIVO,5,results2/mistral_latest_prompt_1_electronicos_20gen.txt,20,Electrónicos
mistral:latest,prompt_1_electronicos,15.0,Razer Huntsman Mini,Teclado,Compacto y rápido para juegos.,POSITIVO,5,results2/mistral_latest_prompt_1_electronicos_20gen.txt,20,Electrónicos
mistral:latest,prompt_1_electronicos,16.0,Asus ROG Strix G15,Gaming laptop,Excelente para juegos de alto rendimiento.,POSITIVO,6,results2/mistral_latest_prompt_1_electronicos_20gen.txt,20,Electrónicos
mistral:latest,prompt_1_electronicos,17.0,Jabra Elite 85t,Auriculares inalámbricos,Cancela ruido y sonido potente.,POSITIVO,5,results2/mistral_latest_prompt_1_electronicos_20gen.txt,20,Electrónicos
mistral:latest,prompt_1_electronicos,18.0,Samsung T7 Touch Portable SSD,Disco duro portátil,Velocidad alta y seguridad adicional con autenticación biométrica.,POSITIVO,8,results2/mistral_latest_prompt_1_electronicos_20gen.txt,20,Electrónicos
mistral:latest,prompt_1_electronicos,19.0,Lenovo ThinkPad X1 Carbon,Computadora portátil,Diseño robusto y duradero para el uso intensivo.,POSITIVO,8,results2/mistral_latest_prompt_1_electronicos_20gen.txt,20,Electrónicos
mistral:latest,prompt_1_electronicos,20.0,Sennheiser Momentum True Wireless 3,Auriculares inalámbricos,Excelente calidad de sonido y cancelación de ruido.,POSITIVO,8,results2/mistral_latest_prompt_1_electronicos_20gen.txt,20,Electrónicos
mistral:latest,prompt_2_belleza,1.0,Crema facial Hyaluronic Acid,Belleza,Excelente crema que me ayuda a mantener la piel húmeda y elasticidad.,POSITIVO,12,results2/mistral_latest_prompt_2_belleza_20gen.txt,20,Belleza
mistral:latest,prompt_2_belleza,2.0,Bálsamo para labios de raspado,Belleza,Me ayuda a mantener los labios suaves y protegidos durante todo el día.,POSITIVO,13,results2/mistral_latest_prompt_2_belleza_20gen.txt,20,Belleza
mistral:latest,prompt_2_belleza,3.0,Cepillos de cerdas de piel,Belleza,Me ayuda a exfoliar la piel y mantenerla limpia.,POSITIVO,9,results2/mistral_latest_prompt_2_belleza_20gen.txt,20,Belleza
mistral:latest,prompt_2_belleza,4.0,Mascara para célebres,Belleza,Me da una aplicación fácil y me hace las púpilas más notables.,POSITIVO,12,results2/mistral_latest_prompt_2_belleza_20gen.txt,20,Belleza
mistral:latest,prompt_2_belleza,5.0,Pelota de rosquilla para exfoliar,Belleza,Es una buena opción para un exfoliado profundo.,POSITIVO,8,results2/mistral_latest_prompt_2_belleza_20gen.txt,20,Belleza
mistral:latest,prompt_2_belleza,6.0,Mascara de cejas,Belleza,Me ayuda a dar un aspecto natural y bien definido a mis cejas.,POSITIVO,13,results2/mistral_latest_prompt_2_belleza_20gen.txt,20,Belleza
mistral:latest,prompt_2_belleza,7.0,Abanico de piel,Belleza,Me ayuda a mantener la piel fresca y eliminar el sudor.,POSITIVO,11,results2/mistral_latest_prompt_2_belleza_20gen.txt,20,Belleza
mistral:latest,prompt_2_belleza,8.0,Mascara para cenizas,Belleza,No me gusta que se vea muy evidente.,NEGATIVO,8,results2/mistral_latest_prompt_2_belleza_20gen.txt,20,Belleza
mistral:latest,prompt_2_belleza,9.0,Mascara de falsas pestanas,Belleza,Es difícil aplicarla y se me cae rápidamente.,NEGATIVO,8,results2/mistral_latest_prompt_2_belleza_20gen.txt,20,Belleza
mistral:latest,prompt_2_belleza,10.0,Abanico facial,Belleza,No me hace mucha diferencia.,NEUTRO,5,results2/mistral_latest_prompt_2_belleza_20gen.txt,20,Belleza
mistral:latest,prompt_2_belleza,11.0,Bálsamo para cabello seco,Cuidado capilar,Es un buen producto para combatir el pelúcido.,POSITIVO,8,results2/mistral_latest_prompt_2_belleza_20gen.txt,20,Belleza
mistral:latest,prompt_2_belleza,12.0,Acondicionador para cabello seco,Cuidado capilar,Me ayuda a mantener el cabello suave y despeinado.,POSITIVO,9,results2/mistral_latest_prompt_2_belleza_20gen.txt,20,Belleza
mistral:latest,prompt_2_belleza,13.0,Cepillo de dientes con piel,Cuidado capilar,Me ayuda a mantener los dientes limpios y suaves.,POSITIVO,9,results2/mistral_latest_prompt_2_belleza_20gen.txt,20,Belleza
mistral:latest,prompt_2_belleza,14.0,Maquillaje de peinado,Cuidado capilar,Me ayuda a dar un aspecto más definido y elegante.,POSITIVO,10,results2/mistral_latest_prompt_2_belleza_20gen.txt,20,Belleza
mistral:latest,prompt_2_belleza,15.0,Maquillaje de peinado líquido,Cuidado capilar,Es difícil aplicarlo uniformemente.,NEGATIVO,4,results2/mistral_latest_prompt_2_belleza_20gen.txt,20,Belleza
mistral:latest,prompt_2_belleza,16.0,Bálsamo de pelo sin silicona,Cuidado capilar,Es un producto ligero que me ayuda a mantener el cabello despeinado.,POSITIVO,12,results2/mistral_latest_prompt_2_belleza_20gen.txt,20,Belleza
mistral:latest,prompt_2_belleza,17.0,Abanico para pelo,Cuidado capilar,No me hace mucha diferencia.,NEUTRO,5,results2/mistral_latest_prompt_2_belleza_20gen.txt,20,Belleza
mistral:latest,prompt_2_belleza,18.0,Tintura para pelo claro,Cuidado capilar,Me ayuda a mantener el pelo más brillante.,POSITIVO,8,results2/mistral_latest_prompt_2_belleza_20gen.txt,20,Belleza
mistral:latest,prompt_2_belleza,19.0,Tintura para cabello oscuro,Cuidado capilar,Me ayuda a mantener el pelo más profundo y brillante.,POSITIVO,10,results2/mistral_latest_prompt_2_belleza_20gen.txt,20,Belleza
mistral:latest,prompt_2_belleza,20.0,Cepillo de cabello sin dientes,Cuidado capilar,Me ayuda a mantener el pelo más suave y despeinado.,POSITIVO,10,results2/mistral_latest_prompt_2_belleza_20gen.txt,20,Belleza
mistral:latest,prompt_3_hogar,1.0,Non-Stick Frying Pan,Cocina,Effortless cooking and easy clean-up.,POSITIVO,5,results2/mistral_latest_prompt_3_hogar_20gen.txt,20,Cocina
mistral:latest,prompt_3_hogar,2.0,Knife Set,Cocina,Sharp and durable blades for precise cuts.,POSITIVO,7,results2/mistral_latest_prompt_3_hogar_20gen.txt,20,Cocina
mistral:latest,prompt_3_hogar,3.0,Pressure Cooker,Cocina,Cooks meals quickly and retains nutrients.,POSITIVO,6,results2/mistral_latest_prompt_3_hogar_20gen.txt,20,Cocina
mistral:latest,prompt_3_hogar,4.0,Blender,Cocina,Versatile appliance for smoothies and soups.,POSITIVO,6,results2/mistral_latest_prompt_3_hogar_20gen.txt,20,Cocina
mistral:latest,prompt_3_hogar,5.0,Microplane Grater,Cocina,Perfect for zesting citrus and grating cheese.,POSITIVO,7,results2/mistral_latest_prompt_3_hogar_20gen.txt,20,Cocina
mistral:latest,prompt_3_hogar,6.0,Cast Iron Skillet,Cocina,Heats evenly and is durable for long-lasting use.,POSITIVO,8,results2/mistral_latest_prompt_3_hogar_20gen.txt,20,Cocina
mistral:latest,prompt_3_hogar,7.0,Silicone Baking Mat,Cocina,Easy to clean and non-stick for perfect bakes.,POSITIVO,8,results2/mistral_latest_prompt_3_hogar_20gen.txt,20,Cocina
mistral:latest,prompt_3_hogar,8.0,Wood Cutting Board,Cocina,Durable and easy to maintain for food preparation.,POSITIVO,8,results2/mistral_latest_prompt_3_hogar_20gen.txt,20,Cocina
mistral:latest,prompt_3_hogar,9.0,Potato Masher,Cocina,Easy to use and effective for mashing potatoes.,POSITIVO,8,results2/mistral_latest_prompt_3_hogar_20gen.txt,20,Cocina
mistral:latest,prompt_3_hogar,10.0,Ice Cream Maker,Cocina,Creates homemade ice cream in minutes.,POSITIVO,6,results2/mistral_latest_prompt_3_hogar_20gen.txt,20,Cocina
mistral:latest,prompt_3_hogar,11.0,Salad Spinner,Cocina,Quick and easy way to dry lettuce for salads.,POSITIVO,9,results2/mistral_latest_prompt_3_hogar_20gen.txt,20,Cocina
mistral:latest,prompt_3_hogar,12.0,Whisk,Cocina,Versatile tool for mixing and whipping ingredients.,POSITIVO,7,results2/mistral_latest_prompt_3_hogar_20gen.txt,20,Cocina
mistral:latest,prompt_3_hogar,13.0,Coffee Grinder,Cocina,Freshly ground coffee beans for better flavor.,POSITIVO,7,results2/mistral_latest_prompt_3_hogar_20gen.txt,20,Cocina
mistral:latest,prompt_3_hogar,14.0,Thermometer,Cocina,Accurately measures the temperature of food.,POSITIVO,6,results2/mistral_latest_prompt_3_hogar_20gen.txt,20,Cocina
mistral:latest,prompt_3_hogar,15.0,Can Opener,Cocina,Easy to use and essential for opening cans.,POSITIVO,8,results2/mistral_latest_prompt_3_hogar_20gen.txt,20,Cocina
mistral:latest,prompt_3_hogar,16.0,Kitchen Scale,Cocina,Precise measurements for baking and cooking.,POSITIVO,6,results2/mistral_latest_prompt_3_hogar_20gen.txt,20,Cocina
mistral:latest,prompt_3_hogar,17.0,Dishwasher Safe Utensils,Cocina,Easy to clean and dishwasher safe for convenience.,POSITIVO,8,results2/mistral_latest_prompt_3_hogar_20gen.txt,20,Cocina
mistral:latest,prompt_3_hogar,18.0,Oven Mitts,Cocina,Protection against hot surfaces during cooking.,POSITIVO,6,results2/mistral_latest_prompt_3_hogar_20gen.txt,20,Cocina
mistral:latest,prompt_3_hogar,19.0,Chef's Knife,Cocina,High-quality knife for a range of kitchen tasks.,POSITIVO,8,results2/mistral_latest_prompt_3_hogar_20gen.txt,20,Cocina
mistral:latest,prompt_3_hogar,20.0,Mason Jar,Cocina,Versatile storage for food and drink.,POSITIVO,6,results2/mistral_latest_prompt_3_hogar_20gen.txt,20,Cocina
mistral:latest,prompt_1_electronicos,1.0,iPhone 13,Smartphone,Excelente calidad de pantalla y velocidad de procesamiento.,POSITIVO,8,results2/mistral_latest_prompt_1_electronicos_50gen.txt,50,Electrónicos
mistral:latest,prompt_1_electronicos,2.0,Samsung Galaxy S21,Smartphone,Diseño elegante y cámara de alta calidad.,POSITIVO,7,results2/mistral_latest_prompt_1_electronicos_50gen.txt,50,Electrónicos
mistral:latest,prompt_1_electronicos,3.0,AirPods Pro 2,Accesorio,Audiófilos aprecian su sonido y aislamiento acústico.,POSITIVO,7,results2/mistral_latest_prompt_1_electronicos_50gen.txt,50,Electrónicos
mistral:latest,prompt_1_electronicos,4.0,Microsoft Surface Pro 8,Tableta,Una combinación perfecta de potencia y portabilidad.,POSITIVO,7,results2/mistral_latest_prompt_1_electronicos_50gen.txt,50,Electrónicos
mistral:latest,prompt_1_electronicos,5.0,Dell XPS 13,Portátil,Pantalla de alta resolución y diseño estético.,POSITIVO,7,results2/mistral_latest_prompt_1_electronicos_50gen.txt,50,Electrónicos
mistral:latest,prompt_1_electronicos,6.0,Logitech MX Master 3,Accesorio,Raton de alta calidad con ergonomía excelente.,POSITIVO,7,results2/mistral_latest_prompt_1_electronicos_50gen.txt,50,Electrónicos
mistral:latest,prompt_1_electronicos,7.0,Apple Watch Series 7,Smartwatch,Elegancia y funcionalidad en un solo dispositivo.,POSITIVO,7,results2/mistral_latest_prompt_1_electronicos_50gen.txt,50,Electrónicos
mistral:latest,prompt_1_electronicos,8.0,Sony WH-1000XM4,Auriculares,Sonido de alta calidad y aislamiento acústico excelente.,POSITIVO,8,results2/mistral_latest_prompt_1_electronicos_50gen.txt,50,Electrónicos
mistral:latest,prompt_1_electronicos,9.0,HP Spectre x360,Portátil,Diseño atractivo y potencia en una sola computadora.,POSITIVO,8,results2/mistral_latest_prompt_1_electronicos_50gen.txt,50,Electrónicos
mistral:latest,prompt_1_electronicos,10.0,Razer Blade 15,Portátil,Disfruta de un juego fluido y gráficos estelares.,POSITIVO,8,results2/mistral_latest_prompt_1_electronicos_50gen.txt,50,Electrónicos
mistral:latest,prompt_1_electronicos,11.0,Anker PowerCore II,Accesorio,Cargador portátil de gran capacidad y velocidad.,POSITIVO,7,results2/mistral_latest_prompt_1_electronicos_50gen.txt,50,Electrónicos
mistral:latest,prompt_1_electronicos,12.0,Asus ROG Zephyrus G14,Portátil,Una combinación de poder y portabilidad en un solo dispositivo.,POSITIVO,10,results2/mistral_latest_prompt_1_electronicos_50gen.txt,50,Electrónicos
mistral:latest,prompt_1_electronicos,13.0,Samsung SSD 860 EVO,Accesorio,Velocidad de lectura y escritura excelente.,POSITIVO,6,results2/mistral_latest_prompt_1_electronicos_50gen.txt,50,Electrónicos
mistral:latest,prompt_1_electronicos,14.0,Lenovo ThinkPad X1 Carbon,Portátil,Elegancia y resistencia en una sola computadora.,POSITIVO,7,results2/mistral_latest_prompt_1_electronicos_50gen.txt,50,Electrónicos
mistral:latest,prompt_1_electronicos,15.0,Logitech MX Keys Mini,Accesorio,Teclado compacto y ergonomico.,POSITIVO,4,results2/mistral_latest_prompt_1_electronicos_50gen.txt,50,Electrónicos
mistral:latest,prompt_1_electronicos,16.0,Jabra Elite Active 75t,Auriculares,Sonido de alta calidad y aislamiento acústico excelente.,POSITIVO,8,results2/mistral_latest_prompt_1_electronicos_50gen.txt,50,Electrónicos
mistral:latest,prompt_1_electronicos,17.0,Samsung Galaxy Tab S7,Tableta,Pantalla de alta resolución y potencia en una sola dispositivo.,POSITIVO,10,results2/mistral_latest_prompt_1_electronicos_50gen.txt,50,Electrónicos
mistral:latest,prompt_1_electronicos,18.0,Dell UltraSharp U2720Q,Accesorio,Una pantalla de alta calidad y gran resolución.,POSITIVO,8,results2/mistral_latest_prompt_1_electronicos_50gen.txt,50,Electrónicos
mistral:latest,prompt_1_electronicos,19.0,Microsoft Surface Book 3,Tableta,Una combinación de potencia y portabilidad en un solo dispositivo.,POSITIVO,10,results2/mistral_latest_prompt_1_electronicos_50gen.txt,50,Electrónicos
mistral:latest,prompt_1_electronicos,20.0,LG UltraGear 38GN950,Accesorio,Una pantalla de alta calidad y resolución ultrawide.,POSITIVO,8,results2/mistral_latest_prompt_1_electronicos_50gen.txt,50,Electrónicos
mistral:latest,prompt_1_electronicos,21.0,Apple Magic Keyboard,Accesorio,Teclado compacto y de alta calidad.,POSITIVO,6,results2/mistral_latest_prompt_1_electronicos_50gen.txt,50,Electrónicos
mistral:latest,prompt_1_electronicos,22.0,Razer Huntsman Mini,Accesorio,Teclado compacto y de alta velocidad.,POSITIVO,6,results2/mistral_latest_prompt_1_electronicos_50gen.txt,50,Electrónicos
mistral:latest,prompt_1_electronicos,23.0,Sony WH-1000XM3,Auriculares,Sonido de alta calidad y aislamiento acústico excelente.,POSITIVO,8,results2/mistral_latest_prompt_1_electronicos_50gen.txt,50,Electrónicos
mistral:latest,prompt_1_electronicos,24.0,Logitech G Pro Wireless,Accesorio,Raton de alta calidad y ergonomico.,POSITIVO,6,results2/mistral_latest_prompt_1_electronicos_50gen.txt,50,Electrónicos
mistral:latest,prompt_1_electronicos,25.0,Dell Inspiron 15,Portátil,Disfruta de una experiencia de computación suave y fluida.,POSITIVO,9,results2/mistral_latest_prompt_1_electronicos_50gen.txt,50,Electrónicos
mistral:latest,prompt_1_electronicos,26.0,Anker PowerCore Fusion 5000mAh,Accesorio,Cargador portátil de gran capacidad y velocidad.,POSITIVO,7,results2/mistral_latest_prompt_1_electronicos_50gen.txt,50,Electrónicos
mistral:latest,prompt_1_electronicos,27.0,Microsoft Surface Laptop Go,Portátil,Disfruta de una computación portátil y de alta calidad.,POSITIVO,9,results2/mistral_latest_prompt_1_electronicos_50gen.txt,50,Electrónicos
mistral:latest,prompt_1_electronicos,28.0,Samsung T7 Touch,Accesorio,Disfruta de una alta velocidad y seguridad en un solo dispositivo.,POSITIVO,11,results2/mistral_latest_prompt_1_electronicos_50gen.txt,50,Electrónicos
mistral:latest,prompt_1_electronicos,29.0,Razer Huntsman Elite,Accesorio,Teclado de alta calidad y respuesta instantánea.,POSITIVO,7,results2/mistral_latest_prompt_1_electronicos_50gen.txt,50,Electrónicos
mistral:latest,prompt_1_electronicos,30.0,Apple MacBook Air M1,Portátil,Disfruta de una computación rápida y potente.,POSITIVO,7,results2/mistral_latest_prompt_1_electronicos_50gen.txt,50,Electrónicos
mistral:latest,prompt_1_electronicos,31.0,Logitech G502 Lightspeed,Accesorio,Raton de alta calidad y gran precisión.,POSITIVO,7,results2/mistral_latest_prompt_1_electronicos_50gen.txt,50,Electrónicos
mistral:latest,prompt_1_electronicos,32.0,HP Pavilion x360 14,Portátil,Disfruta de una computación portátil y de alta calidad.,POSITIVO,9,results2/mistral_latest_prompt_1_electronicos_50gen.txt,50,Electrónicos
mistral:latest,prompt_1_electronicos,33.0,Samsung Odyssey G9,Accesorio,Una pantalla de alta calidad y resolución ultrawide.,POSITIVO,8,results2/mistral_latest_prompt_1_electronicos_50gen.txt,50,Electrónicos
mistral:latest,prompt_1_electronicos,34.0,Apple Magic Trackpad,Accesorio,Una experiencia de interacción rápida y precisa.,POSITIVO,7,results2/mistral_latest_prompt_1_electronicos_50gen.txt,50,Electrónicos
mistral:latest,prompt_1_electronicos,35.0,Razer BlackShark V2,Accesorio,Una experiencia de audio inmersiva y detallada.,POSITIVO,7,results2/mistral_latest_prompt_1_electronicos_50gen.txt,50,Electrónicos
mistral:latest,prompt_1_electronicos,36.0,Logitech MX Master 3S,Accesorio,Una experiencia de ratonado ergonómico y preciso.,POSITIVO,7,results2/mistral_latest_prompt_1_electronicos_50gen.txt,50,Electrónicos
mistral:latest,prompt_1_electronicos,37.0,Apple AirPods Max,Auriculares,Una experiencia de audio inmersiva y detallada.,POSITIVO,7,results2/mistral_latest_prompt_1_electronicos_50gen.txt,50,Electrónicos
mistral:latest,prompt_1_electronicos,38.0,Samsung Galaxy Buds Pro,Auriculares,Una experiencia de audio inmersiva y detallada.,POSITIVO,7,results2/mistral_latest_prompt_1_electronicos_50gen.txt,50,Electrónicos
mistral:latest,prompt_1_electronicos,39.0,Logitech MX Keys Mini for Mac,Accesorio,Una experiencia de teclado ergonómico y preciso.,POSITIVO,7,results2/mistral_latest_prompt_1_electronicos_50gen.txt,50,Electrónicos
mistral:latest,prompt_1_electronicos,40.0,Apple iPad Pro M1,Tableta,Una experiencia de computación rápida y potente.,POSITIVO,7,results2/mistral_latest_prompt_1_electronicos_50gen.txt,50,Electrónicos
mistral:latest,prompt_1_electronicos,41.0,Logitech G915,Accesorio,Una experiencia de ratonado rápido y preciso.,POSITIVO,7,results2/mistral_latest_prompt_1_electronicos_50gen.txt,50,Electrónicos
mistral:latest,prompt_1_electronicos,42.0,Samsung Odyssey G7,Accesorio,Una pantalla de alta calidad y resolución curva.,POSITIVO,8,results2/mistral_latest_prompt_1_electronicos_50gen.txt,50,Electrónicos
mistral:latest,prompt_1_electronicos,43.0,Apple Magic Keyboard with Numeric Keypad,Accesorio,Una experiencia de teclado ergonómico y preciso.,POSITIVO,7,results2/mistral_latest_prompt_1_electronicos_50gen.txt,50,Electrónicos
mistral:latest,prompt_1_electronicos,44.0,Logitech MX Vertical,Accesorio,Una experiencia de ratonado ergonómico y preciso.,POSITIVO,7,results2/mistral_latest_prompt_1_electronicos_50gen.txt,50,Electrónicos
mistral:latest,prompt_1_electronicos,45.0,Samsung Galaxy Tab S7+,Tableta,Una experiencia de computación rápida y potente.,POSITIVO,7,results2/mistral_latest_prompt_1_electronicos_50gen.txt,50,Electrónicos
mistral:latest,prompt_1_electronicos,46.0,Apple Mac Mini M1,Portátil,Una experiencia de computación rápida y potente.,POSITIVO,7,results2/mistral_latest_prompt_1_electronicos_50gen.txt,50,Electrónicos
mistral:latest,prompt_1_electronicos,47.0,Logitech G Pro X,Accesorio,Una experiencia de ratonado rápido y preciso.,POSITIVO,7,results2/mistral_latest_prompt_1_electronicos_50gen.txt,50,Electrónicos
mistral:latest,prompt_1_electronicos,48.0,Samsung Galaxy Book Pro,Portátil,Una experiencia de computación rápida y potente.,POSITIVO,7,results2/mistral_latest_prompt_1_electronicos_50gen.txt,50,Electrónicos
mistral:latest,prompt_1_electronicos,49.0,Apple MacBook Pro M1,Portátil,Una experiencia de computación rápida y potente.,POSITIVO,7,results2/mistral_latest_prompt_1_electronicos_50gen.txt,50,Electrónicos
mistral:latest,prompt_1_electronicos,50.0,Logitech G435,Auriculares,Una experiencia de audio inmersiva y detallada.,POSITIVO,7,results2/mistral_latest_prompt_1_electronicos_50gen.txt,50,Electrónicos
mistral:latest,prompt_2_belleza,1.0,Créme antiarrugas L'Oréal,Belleza,Muy efectiva para disminuir las arrugas y dar la piel una apariencia más suave.,POSITIVO,14,results2/mistral_latest_prompt_2_belleza_50gen.txt,50,Belleza
mistral:latest,prompt_2_belleza,2.0,Gel de afeitado Venus Gillette,Belleza,"Funciona bien y facilita el afeitado, sin irritar la piel.",NEUTRO,10,results2/mistral_latest_prompt_2_belleza_50gen.txt,50,Belleza
mistral:latest,prompt_2_belleza,3.0,Mascara Maybelline Lash Sensational,Belleza,Durable y mejora notablemente la apariencia de mis ciles.,POSITIVO,9,results2/mistral_latest_prompt_2_belleza_50gen.txt,50,Belleza
mistral:latest,prompt_2_belleza,4.0,Sabón facial Cetaphil,Belleza,No causa sensación de sequedad y mejora la piel con facilidad.,POSITIVO,11,results2/mistral_latest_prompt_2_belleza_50gen.txt,50,Belleza
mistral:latest,prompt_2_belleza,5.0,Mascara Dior Diorshow,Belleza,"Mejora el aspecto de los ciles y durabilidad, pero puede ser caro.",MIXTO,12,results2/mistral_latest_prompt_2_belleza_50gen.txt,50,Belleza
mistral:latest,prompt_2_belleza,6.0,Sabón facial Dove,Belleza,"Mejora la piel y tiene un olor agradable, pero puede causar secado.",NEUTRO,12,results2/mistral_latest_prompt_2_belleza_50gen.txt,50,Belleza
mistral:latest,prompt_2_belleza,7.0,Mascara L'Oréal Paris,Belleza,Es de fácil uso y aumenta la densidad de los ciles.,POSITIVO,11,results2/mistral_latest_prompt_2_belleza_50gen.txt,50,Belleza
mistral:latest,prompt_2_belleza,8.0,Cera para labios ChapStick,Belleza,Protege los labios y les da una sensación refrescante.,POSITIVO,9,results2/mistral_latest_prompt_2_belleza_50gen.txt,50,Belleza
mistral:latest,prompt_2_belleza,9.0,Shampoo Pantene Pro-V,Cuidado Capilar,"Mejora el cabello y le da brillo, pero puede causar secado si se aplica demasiado.",MIXTO,15,results2/mistral_latest_prompt_2_belleza_50gen.txt,50,Belleza
mistral:latest,prompt_2_belleza,10.0,Maságena de cepillos gatillo Herbal Essences,Cuidado Capilar,Es fácil de usar y le da una sensación refrescante al cabello.,POSITIVO,12,results2/mistral_latest_prompt_2_belleza_50gen.txt,50,Belleza
mistral:latest,prompt_2_belleza,11.0,Shampoo y condicionador 2 en 1 Head & Shoulders,Cuidado Capilar,Mejora la calidad del cabello y seca facilmente.,NEUTRO,8,results2/mistral_latest_prompt_2_belleza_50gen.txt,50,Belleza
mistral:latest,prompt_2_belleza,12.0,Maságena de cepillos gatillo Pantene,Cuidado Capilar,"Le da al cabello más volumen y brillo, pero es un poco caro.",MIXTO,13,results2/mistral_latest_prompt_2_belleza_50gen.txt,50,Belleza
mistral:latest,prompt_2_belleza,13.0,Mascara para arco superiores L'Oréal,Belleza,Mejora notablemente el aspecto de los arcos superiores.,POSITIVO,8,results2/mistral_latest_prompt_2_belleza_50gen.txt,50,Belleza
mistral:latest,prompt_2_belleza,14.0,Sabón facial Olay,Belleza,"Mejora la piel y es fácil de usar, pero puede causar sensación de sequedad.",NEUTRO,14,results2/mistral_latest_prompt_2_belleza_50gen.txt,50,Belleza
mistral:latest,prompt_2_belleza,15.0,Shampoo Dove,Cuidado Capilar,Mejora la calidad del cabello y tiene un olor agradable.,POSITIVO,10,results2/mistral_latest_prompt_2_belleza_50gen.txt,50,Belleza
mistral:latest,prompt_2_belleza,16.0,Maságena de cepillos gatillo John Frieda,Cuidado Capilar,Mejora el aspecto y la textura del cabello.,POSITIVO,8,results2/mistral_latest_prompt_2_belleza_50gen.txt,50,Belleza
mistral:latest,prompt_2_belleza,17.0,Mascara Benefit Roller Lash,Belleza,Mejora notablemente el aspecto de los ciles y es fácil de usar.,POSITIVO,12,results2/mistral_latest_prompt_2_belleza_50gen.txt,50,Belleza
mistral:latest,prompt_2_belleza,18.0,Shampoo Pantene,Cuidado Capilar,Mejora notablemente la calidad del cabello y es fácil de usar.,POSITIVO,11,results2/mistral_latest_prompt_2_belleza_50gen.txt,50,Belleza
mistral:latest,prompt_2_belleza,19.0,Mascara para cilia largos L'Oréal,Belleza,Mejora notablemente el aspecto de los ciles y no se desquicia fácilmente.,POSITIVO,12,results2/mistral_latest_prompt_2_belleza_50gen.txt,50,Belleza
mistral:latest,prompt_2_belleza,20.0,Cera para labios Blistex,Belleza,Protege los labios y les da una sensación refrescante.,POSITIVO,9,results2/mistral_latest_prompt_2_belleza_50gen.txt,50,Belleza
mistral:latest,prompt_2_belleza,21.0,Shampoo Herbal Essences,Cuidado Capilar,Mejora notablemente la calidad del cabello y tiene un olor agradable.,POSITIVO,11,results2/mistral_latest_prompt_2_belleza_50gen.txt,50,Belleza
mistral:latest,prompt_2_belleza,22.0,Créme facial Neutrogena,Belleza,Mejora notablemente la piel y es fácil de usar.,POSITIVO,9,results2/mistral_latest_prompt_2_belleza_50gen.txt,50,Belleza
mistral:latest,prompt_2_belleza,23.0,Maságena de cepillos gatillo Garnier,Cuidado Capilar,Mejora notablemente la textura del cabello y es fácil de usar.,POSITIVO,11,results2/mistral_latest_prompt_2_belleza_50gen.txt,50,Belleza
mistral:latest,prompt_2_belleza,24.0,Mascara L'Oréal Voluminous,Belleza,Mejora notablemente el aspecto de los ciles y es fácil de usar.,POSITIVO,12,results2/mistral_latest_prompt_2_belleza_50gen.txt,50,Belleza
mistral:latest,prompt_2_belleza,25.0,Shampoo L'Oréal,Cuidado Capilar,Mejora notablemente la calidad del cabello y es fácil de usar.,POSITIVO,11,results2/mistral_latest_prompt_2_belleza_50gen.txt,50,Belleza
mistral:latest,prompt_2_belleza,26.0,Créme facial Olay,Belleza,Mejora notablemente la piel y tiene un olor agradable.,POSITIVO,9,results2/mistral_latest_prompt_2_belleza_50gen.txt,50,Belleza
mistral:latest,prompt_2_belleza,27.0,Maságena de cepillos gatillo Schwarzkopf,Cuidado Capilar,Mejora notablemente la textura del cabello y es fácil de usar.,POSITIVO,11,results2/mistral_latest_prompt_2_belleza_50gen.txt,50,Belleza
mistral:latest,prompt_2_belleza,28.0,Créme facial Vichy,Belleza,Mejora notablemente la piel y tiene un olor agradable.,POSITIVO,9,results2/mistral_latest_prompt_2_belleza_50gen.txt,50,Belleza
mistral:latest,prompt_2_belleza,29.0,Shampoo Dove Nutritive Solutions,Cuidado Capilar,Mejora notablemente la calidad del cabello y tiene un olor agradable.,POSITIVO,11,results2/mistral_latest_prompt_2_belleza_50gen.txt,50,Belleza
mistral:latest,prompt_2_belleza,30.0,Maságena de cepillos gatillo Tresemmé,Cuidado Capilar,Mejora notablemente la textura del cabello y es fácil de usar.,POSITIVO,11,results2/mistral_latest_prompt_2_belleza_50gen.txt,50,Belleza
mistral:latest,prompt_2_belleza,31.0,Mascara Maybelline Full 'N Soft,Belleza,Mejora notablemente el aspecto de los ciles y es fácil de usar.,POSITIVO,12,results2/mistral_latest_prompt_2_belleza_50gen.txt,50,Belleza
mistral:latest,prompt_2_belleza,32.0,Créme facial Neutrogena Hydro Boost,Belleza,Mejora notablemente la piel y es fácil de usar.,POSITIVO,9,results2/mistral_latest_prompt_2_belleza_50gen.txt,50,Belleza
mistral:latest,prompt_2_belleza,33.0,Shampoo Pantene Pro-V Repair & Protect,Cuidado Capilar,Mejora notablemente la calidad del cabello y es fácil de usar.,POSITIVO,11,results2/mistral_latest_prompt_2_belleza_50gen.txt,50,Belleza
mistral:latest,prompt_2_belleza,34.0,Maságena de cepillos gatillo John Frieda Frizz Ease,Cuidado Capilar,Mejora notablemente la textura del cabello y es fácil de usar.,POSITIVO,11,results2/mistral_latest_prompt_2_belleza_50gen.txt,50,Belleza
mistral:latest,prompt_2_belleza,35.0,Mascara L'Oréal Paris Bambi Eyes,Belleza,Mejora notablemente el aspecto de los ciles y es fácil de usar.,POSITIVO,12,results2/mistral_latest_prompt_2_belleza_50gen.txt,50,Belleza
mistral:latest,prompt_2_belleza,36.0,Créme facial Garnier,Belleza,Mejora notablemente la piel y es fácil de usar.,POSITIVO,9,results2/mistral_latest_prompt_2_belleza_50gen.txt,50,Belleza
mistral:latest,prompt_2_belleza,37.0,Shampoo Head & Shoulders,Cuidado Capilar,Mejora notablemente la calidad del cabello y es fácil de usar.,POSITIVO,11,results2/mistral_latest_prompt_2_belleza_50gen.txt,50,Belleza
mistral:latest,prompt_2_belleza,38.0,Maságena de cepillos gatillo Dove,Cuidado Capilar,Mejora notablemente la textura del cabello y es fácil de usar.,POSITIVO,11,results2/mistral_latest_prompt_2_belleza_50gen.txt,50,Belleza
mistral:latest,prompt_2_belleza,39.0,Créme facial Nivea,Belleza,Mejora notablemente la piel y es fácil de usar.,POSITIVO,9,results2/mistral_latest_prompt_2_belleza_50gen.txt,50,Belleza
mistral:latest,prompt_2_belleza,40.0,Shampoo Herbal Essences Bio:Renew,Cuidado Capilar,Mejora notablemente la calidad del cabello y es fácil de usar.,POSITIVO,11,results2/mistral_latest_prompt_2_belleza_50gen.txt,50,Belleza
mistral:latest,prompt_2_belleza,41.0,Maságena de cepillos gatillo Schwarzkopf Bonacure,Cuidado Capilar,Mejora notablemente la textura del cabello y es fácil de usar.,POSITIVO,11,results2/mistral_latest_prompt_2_belleza_50gen.txt,50,Belleza
mistral:latest,prompt_2_belleza,42.0,Mascara L'Oréal Paris Telescopic,Belleza,Mejora notablemente el aspecto de los ciles y es fácil de usar.,POSITIVO,12,results2/mistral_latest_prompt_2_belleza_50gen.txt,50,Belleza
mistral:latest,prompt_2_belleza,43.0,Créme facial La Roche-Posay,Belleza,Mejora notablemente la piel y es fácil de usar.,POSITIVO,9,results2/mistral_latest_prompt_2_belleza_50gen.txt,50,Belleza
mistral:latest,prompt_2_belleza,44.0,Shampoo Pantene Pro-V Daily Moisture,Cuidado Capilar,Mejora notablemente la calidad del cabello y es fácil de usar.,POSITIVO,11,results2/mistral_latest_prompt_2_belleza_50gen.txt,50,Belleza
mistral:latest,prompt_2_belleza,45.0,Maságena de cepillos gatillo Garnier Fructis,Cuidado Capilar,Mejora notablemente la textura del cabello y es fácil de usar.,POSITIVO,11,results2/mistral_latest_prompt_2_belleza_50gen.txt,50,Belleza
mistral:latest,prompt_3_hogar,1.0,Sarten Carbon Steel,Herramientas de Cocina,Gran sarten para cocinar a altas temperaturas. Puede resistir la prueba del tiempo.,POSITIVO,13,results2/mistral_latest_prompt_3_hogar_50gen.txt,50,Cocina
mistral:latest,prompt_3_hogar,2.0,Cuchillo de Cocina Japanese,Herramientas de Cocina,Cuchillo de calidad con filo afilado que facilita la preparación diaria.,POSITIVO,11,results2/mistral_latest_prompt_3_hogar_50gen.txt,50,Cocina
mistral:latest,prompt_3_hogar,3.0,Plancha eléctrica,Herramientas de Cocina,Planchar ahora es más fácil y rápido con esta plancha eléctrica.,POSITIVO,11,results2/mistral_latest_prompt_3_hogar_50gen.txt,50,Cocina
mistral:latest,prompt_3_hogar,4.0,Pizarra de Cocina,Herramientas de Cocina,Pizarra de cocina ideal para escribir recetas y marcar las zonas de la plancha.,POSITIVO,14,results2/mistral_latest_prompt_3_hogar_50gen.txt,50,Cocina
mistral:latest,prompt_3_hogar,5.0,Mortero y Pistilo,Herramientas de Cocina,Muy bien diseñado y fácil de limpiar. Ideal para preparar salsas y pastas.,POSITIVO,13,results2/mistral_latest_prompt_3_hogar_50gen.txt,50,Cocina
mistral:latest,prompt_3_hogar,6.0,Prensa de Ajo,Herramientas de Cocina,Facilita la extracción del ajo y ayuda a eliminar el olor.,POSITIVO,11,results2/mistral_latest_prompt_3_hogar_50gen.txt,50,Cocina
mistral:latest,prompt_3_hogar,7.0,Tostadora,Herramientas de Cocina,Tostar café es ahora un placer con esta tostadora.,POSITIVO,9,results2/mistral_latest_prompt_3_hogar_50gen.txt,50,Cocina
mistral:latest,prompt_3_hogar,8.0,Utensilios de Madera,Herramientas de Cocina,Son estéticos y ecológicos. Ideales para cocinar en casa.,POSITIVO,9,results2/mistral_latest_prompt_3_hogar_50gen.txt,50,Cocina
mistral:latest,prompt_3_hogar,9.0,Cafetera,Herramientas de Cocina,La cafetera permite hacer café a la medida en poco tiempo.,POSITIVO,11,results2/mistral_latest_prompt_3_hogar_50gen.txt,50,Cocina
mistral:latest,prompt_3_hogar,10.0,Vaso de Vino,Herramientas de Cocina,El vaso de vino es estético y permite disfrutar del vino a la perfección.,POSITIVO,14,results2/mistral_latest_prompt_3_hogar_50gen.txt,50,Cocina
mistral:latest,prompt_3_hogar,11.0,Tazas,Herramientas de Cocina,Las tazas son elegantes y resistentes. Ideales para el desayuno.,POSITIVO,10,results2/mistral_latest_prompt_3_hogar_50gen.txt,50,Cocina
mistral:latest,prompt_3_hogar,12.0,Placas de Hornear,Herramientas de Cocina,Las placas de hornear son perfectas para hacer pizza a domicilio.,POSITIVO,11,results2/mistral_latest_prompt_3_hogar_50gen.txt,50,Cocina
mistral:latest,prompt_3_hogar,13.0,Cuchillo de Pasta,Herramientas de Cocina,El cuchillo de pasta facilita la preparación diaria.,POSITIVO,8,results2/mistral_latest_prompt_3_hogar_50gen.txt,50,Cocina
mistral:latest,prompt_3_hogar,14.0,Cuadrado de Aguacate,Herramientas de Cocina,La cuadrada de aguacate es un utensilio práctico para cortar el aguacate.,POSITIVO,12,results2/mistral_latest_prompt_3_hogar_50gen.txt,50,Cocina
mistral:latest,prompt_3_hogar,15.0,Batidora,Herramientas de Cocina,La batidora facilita la preparación de postres y cócteles.,POSITIVO,9,results2/mistral_latest_prompt_3_hogar_50gen.txt,50,Cocina
mistral:latest,prompt_3_hogar,16.0,Cafetera Express,Herramientas de Cocina,La cafetera express es práctica y rápida.,POSITIVO,7,results2/mistral_latest_prompt_3_hogar_50gen.txt,50,Cocina
mistral:latest,prompt_3_hogar,17.0,Jugo de Naranja,Herramientas de Cocina,El jugo de naranja es práctico y resistente.,POSITIVO,8,results2/mistral_latest_prompt_3_hogar_50gen.txt,50,Cocina
mistral:latest,prompt_3_hogar,18.0,Escoba para Limpieza de Plancha,Herramientas de Cocina,La escoba es ideal para limpiar la plancha.,POSITIVO,8,results2/mistral_latest_prompt_3_hogar_50gen.txt,50,Cocina
mistral:latest,prompt_3_hogar,19.0,Tazón de Batido,Herramientas de Cocina,El tazón de batido es práctico y resistente.,POSITIVO,8,results2/mistral_latest_prompt_3_hogar_50gen.txt,50,Cocina
mistral:latest,prompt_3_hogar,20.0,Molinillo de Café,Herramientas de Cocina,El molinillo de café facilita la molienda del café.,POSITIVO,9,results2/mistral_latest_prompt_3_hogar_50gen.txt,50,Cocina
mistral:latest,prompt_3_hogar,21.0,Prensa para Salsa,Herramientas de Cocina,La prensa es práctica y facilita la preparación de salsas.,POSITIVO,10,results2/mistral_latest_prompt_3_hogar_50gen.txt,50,Cocina
mistral:latest,prompt_3_hogar,22.0,Cuchara Metálica,Herramientas de Cocina,La cuchara es resistente y práctica para cocinar.,POSITIVO,8,results2/mistral_latest_prompt_3_hogar_50gen.txt,50,Cocina
mistral:latest,prompt_3_hogar,23.0,Tostador de Café,Herramientas de Cocina,El tostador es práctico para hacer café a domicilio.,POSITIVO,9,results2/mistral_latest_prompt_3_hogar_50gen.txt,50,Cocina
mistral:latest,prompt_3_hogar,24.0,Taza de Café,Herramientas de Cocina,La taza es resistente y estética para disfrutar del café.,POSITIVO,10,results2/mistral_latest_prompt_3_hogar_50gen.txt,50,Cocina
mistral:latest,prompt_3_hogar,25.0,Tenedor de Vino,Herramientas de Cocina,El tenedor es resistente y estético para disfrutar del vino.,POSITIVO,10,results2/mistral_latest_prompt_3_hogar_50gen.txt,50,Cocina
mistral:latest,prompt_3_hogar,26.0,Cuchillo de Pescado,Herramientas de Cocina,El cuchillo es práctico para cortar el pescado.,POSITIVO,8,results2/mistral_latest_prompt_3_hogar_50gen.txt,50,Cocina
mistral:latest,prompt_3_hogar,27.0,Molinillo de Carne,Herramientas de Cocina,El molinillo es práctico para hacer carnes en casa.,POSITIVO,9,results2/mistral_latest_prompt_3_hogar_50gen.txt,50,Cocina
mistral:latest,prompt_3_hogar,28.0,Tenedor de Café,Herramientas de Cocina,El tenedor es resistente y estético para disfrutar del café.,POSITIVO,10,results2/mistral_latest_prompt_3_hogar_50gen.txt,50,Cocina
mistral:latest,prompt_3_hogar,29.0,Tazón de Vino,Herramientas de Cocina,El tazón es resistente y estético para disfrutar del vino.,POSITIVO,10,results2/mistral_latest_prompt_3_hogar_50gen.txt,50,Cocina
mistral:latest,prompt_3_hogar,30.0,Cuchillo de Fillet,Herramientas de Cocina,El cuchillo es práctico para cortar el pescado.,POSITIVO,8,results2/mistral_latest_prompt_3_hogar_50gen.txt,50,Cocina
mistral:latest,prompt_3_hogar,31.0,Tenedor de Aguacate,Herramientas de Cocina,El tenedor es práctico para servir el aguacate.,POSITIVO,8,results2/mistral_latest_prompt_3_hogar_50gen.txt,50,Cocina
mistral:latest,prompt_3_hogar,32.0,Tenedor de Pescado,Herramientas de Cocina,El tenedor es práctico para servir el pescado.,POSITIVO,8,results2/mistral_latest_prompt_3_hogar_50gen.txt,50,Cocina
mistral:latest,prompt_3_hogar,33.0,Tenedor de Pollo,Herramientas de Cocina,El tenedor es práctico para servir el pollo.,POSITIVO,8,results2/mistral_latest_prompt_3_hogar_50gen.txt,50,Cocina
mistral:latest,prompt_3_hogar,34.0,Tenedor de Carne,Herramientas de Cocina,El tenedor es práctico para servir la carne.,POSITIVO,8,results2/mistral_latest_prompt_3_hogar_50gen.txt,50,Cocina
mistral:latest,prompt_3_hogar,35.0,Tenedor de Ajo,Herramientas de Cocina,El tenedor es práctico para preparar el ajo.,POSITIVO,8,results2/mistral_latest_prompt_3_hogar_50gen.txt,50,Cocina
mistral:latest,prompt_3_hogar,36.0,Cuchillo de Cocina,Herramientas de Cocina,El cuchillo es práctico para la preparación diaria.,POSITIVO,8,results2/mistral_latest_prompt_3_hogar_50gen.txt,50,Cocina
mistral:latest,prompt_3_hogar,37.0,Cuchillo de Pescado,Herramientas de Cocina,El cuchillo es práctico para cortar el pescado.,POSITIVO,8,results2/mistral_latest_prompt_3_hogar_50gen.txt,50,Cocina
mistral:latest,prompt_3_hogar,38.0,Cuchillo de Carne,Herramientas de Cocina,El cuchillo es práctico para preparar carnes.,POSITIVO,7,results2/mistral_latest_prompt_3_hogar_50gen.txt,50,Cocina
mistral:latest,prompt_3_hogar,39.0,Cuchillo de Pizza,Herramientas de Cocina,El cuchillo es práctico para cortar la pizza.,POSITIVO,8,results2/mistral_latest_prompt_3_hogar_50gen.txt,50,Cocina
mistral:latest,prompt_3_hogar,40.0,Cuchillo de Fillet,Herramientas de Cocina,El cuchillo es práctico para cortar el pescado.,POSITIVO,8,results2/mistral_latest_prompt_3_hogar_50gen.txt,50,Cocina
mistral:latest,prompt_3_hogar,41.0,Cuchillo de Ajo,Herramientas de Cocina,El cuchillo es práctico para preparar el ajo.,POSITIVO,8,results2/mistral_latest_prompt_3_hogar_50gen.txt,50,Cocina
mistral:latest,prompt_3_hogar,42.0,Cuchillo de Mantequilla,Herramientas de Cocina,El cuchillo es práctico para cortar la mantequilla.,POSITIVO,8,results2/mistral_latest_prompt_3_hogar_50gen.txt,50,Cocina
mistral:latest,prompt_3_hogar,43.0,Cuchillo de Navidad,Herramientas de Cocina,El cuchillo es estético para la temporada navideña.,POSITIVO,8,results2/mistral_latest_prompt_3_hogar_50gen.txt,50,Cocina
mistral:latest,prompt_3_hogar,44.0,Cuchillo de Navidad,Herramientas de Cocina,El cuchillo es estético para la temporada navideña.,POSITIVO,8,results2/mistral_latest_prompt_3_hogar_50gen.txt,50,Cocina
mistral:latest,prompt_3_hogar,45.0,Cuchillo de Navidad,Herramientas de Cocina,El cuchillo es estético para la temporada navideña.,POSITIVO,8,results2/mistral_latest_prompt_3_hogar_50gen.txt,50,Cocina
mistral:latest,prompt_3_hogar,46.0,Cuchillo de Navidad,Herramientas de Cocina,El cuchillo es estético para la temporada navideña.,POSITIVO,8,results2/mistral_latest_prompt_3_hogar_50gen.txt,50,Cocina
mistral:latest,prompt_3_hogar,47.0,Cuchillo de Navidad,Herramientas de Cocina,El cuchillo es estético para la temporada navideña.,POSITIVO,8,results2/mistral_latest_prompt_3_hogar_50gen.txt,50,Cocina
mistral:latest,prompt_3_hogar,48.0,Cuchillo de Navidad,Herramientas de Cocina,El cuchillo es estético para la temporada navideña.,POSITIVO,8,results2/mistral_latest_prompt_3_hogar_50gen.txt,50,Cocina
mistral:latest,prompt_3_hogar,49.0,Cuchillo de Navidad,Herramientas de Cocina,El cuchillo es estético para la temporada navideña.,POSITIVO,8,results2/mistral_latest_prompt_3_hogar_50gen.txt,50,Cocina
mistral:latest,prompt_3_hogar,50.0,Cuchillo de Navidad,Herramientas de Cocina,El cuchillo es estético para la temporada navideña.,POSITIVO,8,results2/mistral_latest_prompt_3_hogar_50gen.txt,50,Cocina
